{"_default": {"1": {"capacityL": 17.0, "consumedL": 7.007777777777778, "beerId": 2}, "2": {"capacityL": 17.0, "consumedL": 14.022592592592648, "beerId": 1}}}